{"eval_loss": 1.0630236864089966, "eval_accuracy": 0.6276041666666666, "eval_f1_score": 0.4840083333333333, "eval_runtime": 25.2854, "eval_samples_per_second": 30.373, "eval_steps_per_second": 3.797}