{"eval_loss": 0.364963173866272, "eval_accuracy": 0.914, "eval_f1_score": 0.914475597361446, "eval_runtime": 9.5242, "eval_samples_per_second": 104.996, "eval_steps_per_second": 13.124, "epoch": 3.0}