{"eval_loss": 0.8707996010780334, "eval_accuracy": 0.6953125, "eval_f1_score": 0.7002022549854999, "eval_runtime": 7.1507, "eval_samples_per_second": 107.402, "eval_steps_per_second": 13.425, "epoch": 3.0}