{"eval_loss": 0.6941748261451721, "eval_accuracy": 0.476, "eval_f1_score": 0.4846913461538462, "eval_runtime": 23.5371, "eval_samples_per_second": 42.486, "eval_steps_per_second": 5.311}