{"eval_loss": 0.6623771786689758, "eval_accuracy": 0.727, "eval_f1_score": 0.6120775911986103, "eval_runtime": 33.0844, "eval_samples_per_second": 30.226, "eval_steps_per_second": 3.778}