{"eval_loss": 0.3876231014728546, "eval_accuracy": 0.914, "eval_f1_score": 0.9140977056564317, "eval_runtime": 12.4982, "eval_samples_per_second": 80.012, "eval_steps_per_second": 10.001, "epoch": 3.0}