{"eval_loss": 1.095800757408142, "eval_accuracy": 0.3072916666666667, "eval_f1_score": 0.3069263496242494, "eval_runtime": 14.6414, "eval_samples_per_second": 52.454, "eval_steps_per_second": 6.557}