{"eval_loss": 1.1500006914138794, "eval_accuracy": 0.13151041666666666, "eval_f1_score": 0.03056974012274645, "eval_runtime": 14.8843, "eval_samples_per_second": 51.598, "eval_steps_per_second": 6.45}