{"eval_loss": 1.0592609643936157, "eval_accuracy": 0.6028645833333334, "eval_f1_score": 0.4534952105334416, "eval_runtime": 14.4762, "eval_samples_per_second": 53.053, "eval_steps_per_second": 6.632}