{"eval_loss": 1.1389461755752563, "eval_accuracy": 0.1015625, "eval_f1_score": 0.018727836879432625, "eval_runtime": 14.5611, "eval_samples_per_second": 52.743, "eval_steps_per_second": 6.593}