{"eval_loss": 1.0722299814224243, "eval_accuracy": 0.640625, "eval_f1_score": 0.5013144841269841, "eval_runtime": 7.7396, "eval_samples_per_second": 99.229, "eval_steps_per_second": 12.404}