{"eval_loss": 1.0272804498672485, "eval_accuracy": 0.359375, "eval_f1_score": 0.3388127036058657, "eval_runtime": 25.4594, "eval_samples_per_second": 30.166, "eval_steps_per_second": 3.771}