{"eval_loss": 1.0676937103271484, "eval_accuracy": 0.65234375, "eval_f1_score": 0.5150893912529552, "eval_runtime": 14.7007, "eval_samples_per_second": 52.242, "eval_steps_per_second": 6.53}