{"eval_loss": 1.1175044775009155, "eval_accuracy": 0.16276041666666666, "eval_f1_score": 0.0995570694255079, "eval_runtime": 14.4987, "eval_samples_per_second": 52.97, "eval_steps_per_second": 6.621}