{"eval_loss": 0.7171741127967834, "eval_accuracy": 0.6940104166666666, "eval_f1_score": 0.6942845374801343, "eval_runtime": 7.12, "eval_samples_per_second": 107.865, "eval_steps_per_second": 13.483, "epoch": 3.0}