{"eval_loss": 0.7408555150032043, "eval_accuracy": 0.273, "eval_f1_score": 0.11709190887666929, "eval_runtime": 33.9615, "eval_samples_per_second": 29.445, "eval_steps_per_second": 3.681}