{"eval_loss": 0.7147630453109741, "eval_accuracy": 0.273, "eval_f1_score": 0.11709190887666929, "eval_runtime": 33.2974, "eval_samples_per_second": 30.032, "eval_steps_per_second": 3.754}