{"eval_loss": 0.3205260634422302, "eval_accuracy": 0.878, "eval_f1_score": 0.8820096306685368, "eval_runtime": 32.5558, "eval_samples_per_second": 30.716, "eval_steps_per_second": 3.84}