{"eval_loss": 1.0927352905273438, "eval_accuracy": 0.2630208333333333, "eval_f1_score": 0.10954682130584192, "eval_runtime": 7.3855, "eval_samples_per_second": 103.988, "eval_steps_per_second": 12.999}