{"eval_loss": 0.5677669644355774, "eval_accuracy": 0.854, "eval_f1_score": 0.8589869186046513, "eval_runtime": 23.2369, "eval_samples_per_second": 43.035, "eval_steps_per_second": 5.379}