{"eval_loss": 1.1527010202407837, "eval_accuracy": 0.2526041666666667, "eval_f1_score": 0.10188193000693002, "eval_runtime": 7.1332, "eval_samples_per_second": 107.665, "eval_steps_per_second": 13.458}