{"eval_loss": 1.2323404550552368, "eval_accuracy": 0.09375, "eval_f1_score": 0.016071428571428573, "eval_runtime": 7.5588, "eval_samples_per_second": 101.603, "eval_steps_per_second": 12.7}