{"eval_loss": 1.027414321899414, "eval_accuracy": 0.640625, "eval_f1_score": 0.500297619047619, "eval_runtime": 7.5091, "eval_samples_per_second": 102.276, "eval_steps_per_second": 12.784}