{"eval_loss": 1.0452384948730469, "eval_accuracy": 0.6432291666666666, "eval_f1_score": 0.5035740227152667, "eval_runtime": 7.2165, "eval_samples_per_second": 106.423, "eval_steps_per_second": 13.303}