{"eval_loss": 1.0588188171386719, "eval_accuracy": 0.2877604166666667, "eval_f1_score": 0.14401978417266187, "eval_runtime": 7.394, "eval_samples_per_second": 103.868, "eval_steps_per_second": 12.983}